"DateTime","Commits"
"2024-04-14 00:00:00",3
"2024-04-21 00:00:00",0
"2024-04-28 00:00:00",4
"2024-05-05 00:00:00",1
"2024-05-12 00:00:00",0
"2024-05-19 00:00:00",7
"2024-05-26 00:00:00",6
"2024-06-02 00:00:00",15
"2024-06-09 00:00:00",16
"2024-06-16 00:00:00",30
"2024-06-23 00:00:00",30
"2024-06-30 00:00:00",23
"2024-07-07 00:00:00",44
"2024-07-14 00:00:00",69
"2024-07-21 00:00:00",91
"2024-07-28 00:00:00",48
"2024-08-04 00:00:00",64
"2024-08-11 00:00:00",42
"2024-08-18 00:00:00",60
"2024-08-25 00:00:00",4
"2024-09-01 00:00:00",11
"2024-09-08 00:00:00",6
"2024-09-15 00:00:00",3
"2024-09-22 00:00:00",0
"2024-09-29 00:00:00",22
"2024-10-06 00:00:00",42
"2024-10-13 00:00:00",114
"2024-10-20 00:00:00",42
"2024-10-27 00:00:00",16
"2024-11-03 00:00:00",56
"2024-11-10 00:00:00",92
"2024-11-17 00:00:00",48
"2024-11-24 00:00:00",28
"2024-12-01 00:00:00",16